hostname,protocol,username,folder,emulation,session_name
172.23.1.20,SSH2,gsolorzano,NAP,Xterm,DC-iWAN-CTR
172.20.1.251,SSH2,gsolorzano,NAP,Xterm,DCiWANHUB1
172.20.1.252,SSH2,gsolorzano,NAP,Xterm,DCiWANHUB2
172.23.1.21,SSH2,gsolorzano,NAP,Xterm,DR-iWAN-CTR
172.21.1.251,SSH2,gsolorzano,NAP,Xterm,DRiWANHUB1
172.21.1.252,SSH2,gsolorzano,NAP,Xterm,DRiWANHUB2
10.253.8.4,SSH2,gsolorzano,NAP,Xterm,IP-DallasSC-RT1
10.253.8.2,SSH2,gsolorzano,NAP,Xterm,IP-BocaRaton-RT1
10.253.8.89,SSH2,gsolorzano,NAP,Xterm,CP-Atlanta-RT1
10.253.8.94,SSH2,gsolorzano,NAP,Xterm,CP-Minnesota-RT1
10.253.8.77,SSH2,gsolorzano,NAP,Xterm,CP-Rancho-RT1
10.253.8.49,SSH2,gsolorzano,NAP,Xterm,CP-Seattle-RT1
10.253.8.65,SSH2,gsolorzano,NAP,Xterm,CP-Tucson-RT1
10.253.8.118,SSH2,gsolorzano,NAP,Xterm,CP-Portland-RT1
10.253.8.1,SSH2,gsolorzano,NAP,Xterm,EMP-Toronto-RT1
10.253.8.17,SSH2,gsolorzano,NAP,Xterm,EMP-Calgary-RT1
10.253.8.122,SSH2,gsolorzano,NAP,Xterm,EMP-Dartmouth-RT1
10.253.8.71,SSH2,gsolorzano,NAP,Xterm,EMP-Edmonton-RT1
10.253.8.69,SSH2,gsolorzano,NAP,Xterm,EMP-London-RT1
10.253.8.14,SSH2,gsolorzano,NAP,Xterm,EMP-Montreal-RT1
10.253.8.76,SSH2,gsolorzano,NAP,Xterm,EMP-StJohn-RT1
10.253.8.12,SSH2,gsolorzano,NAP,Xterm,EMP-Vancouver-RT1
10.253.8.11,SSH2,gsolorzano,NAP,Xterm,EMP-Winnipeg-RT1
10.253.8.39,SSH2,gsolorzano,NAP,Xterm,EP-Coppell-RT1
10.253.8.163,SSH2,gsolorzano,NAP,Xterm,EP-SanDiego-RT1
10.253.8.15,SSH2,gsolorzano,NAP,Xterm,FP-Clearwater-RT1
10.253.8.13,SSH2,gsolorzano,NAP,Xterm,FP-FtLauderdale-RT1
10.253.8.16,SSH2,gsolorzano,NAP,Xterm,FP-Jacksonville-RT1
10.253.8.23,SSH2,gsolorzano,NAP,Xterm,FP-Memphis-RT1
10.253.8.24,SSH2,gsolorzano,NAP,Xterm,FP-Montgomery-RT1
10.253.8.102,SSH2,gsolorzano,NAP,Xterm,FP-Orlando-RT1
10.253.8.155,SSH2,gsolorzano,NAP,Xterm,HS-Hingham-RT1
10.253.8.19,SSH2,gsolorzano,NAP,Xterm,LP-Atlanta-RT1
10.253.8.158,SSH2,gsolorzano,NAP,Xterm,LP-Austin-RT1
10.253.8.27,SSH2,gsolorzano,NAP,Xterm,LP-Baltimore-RT1
10.253.8.61,SSH2,gsolorzano,NAP,Xterm,LP-BatonRouge-RT1
10.253.8.18,SSH2,gsolorzano,NAP,Xterm,LP-Boston-RT1
10.253.8.97,SSH2,gsolorzano,NAP,Xterm,LP-Calgary-RT1
10.253.8.8,SSH2,gsolorzano,NAP,Xterm,LP-Charlotte-RT1
10.253.8.45,SSH2,gsolorzano,NAP,Xterm,LP-Columbus-RT1
10.253.8.46,SSH2,gsolorzano,NAP,Xterm,LP-Dayton-RT1
10.253.8.52,SSH2,gsolorzano,NAP,Xterm,LP-Denver-RT1
10.253.8.41,SSH2,gsolorzano,NAP,Xterm,LP-Detroit-RT1
10.253.8.106,SSH2,gsolorzano,NAP,Xterm,LP-GrandRapids-RT1
10.253.8.139,SSH2,gsolorzano,NAP,Xterm,LP-Hartford-RT1
10.253.8.36,SSH2,gsolorzano,NAP,Xterm,LP-Houston-RT1
10.253.8.40,SSH2,gsolorzano,NAP,Xterm,LP-Indianapolis-RT1
10.253.8.51,SSH2,gsolorzano,NAP,Xterm,LP-KansasCity-RT1
10.253.8.53,SSH2,gsolorzano,NAP,Xterm,LP-LasVegas-RT1
10.253.8.93,SSH2,gsolorzano,NAP,Xterm,LP-LosAngeles-RT1
10.253.8.7,SSH2,gsolorzano,NAP,Xterm,LP-Louisville-RT1
10.253.8.121,SSH2,gsolorzano,NAP,Xterm,LP-Madison-RT1
10.253.8.43,SSH2,gsolorzano,NAP,Xterm,LP-Miami-RT1
10.253.8.6,SSH2,gsolorzano,NAP,Xterm,LP-Minneapolis-RT1
10.253.8.92,SSH2,gsolorzano,NAP,Xterm,LP-Moncton-RT1
10.253.8.74,SSH2,gsolorzano,NAP,Xterm,LP-Montreal-RT1
10.253.8.96,SSH2,gsolorzano,NAP,Xterm,LP-NewYork-RT1
10.253.8.72,SSH2,gsolorzano,NAP,Xterm,LP-Orlando-RT1
10.253.8.78,SSH2,gsolorzano,NAP,Xterm,LP-Ottawa-RT1
10.253.8.100,SSH2,gsolorzano,NAP,Xterm,LP-Philadelphia-RT1
10.253.8.64,SSH2,gsolorzano,NAP,Xterm,LP-Phoenix-RT1
10.253.8.95,SSH2,gsolorzano,NAP,Xterm,LP-Pittsburgh-RT1
10.253.8.44,SSH2,gsolorzano,NAP,Xterm,LP-Portland-RT1
10.253.8.63,SSH2,gsolorzano,NAP,Xterm,LP-QuebecCity-RT1
10.253.8.54,SSH2,gsolorzano,NAP,Xterm,LP-Rochester-RT1
10.253.8.66,SSH2,gsolorzano,NAP,Xterm,LP-SaltLakeCity-RT1
10.253.8.108,SSH2,gsolorzano,NAP,Xterm,LP-SanAntonio-RT1
10.253.8.117,SSH2,gsolorzano,NAP,Xterm,LP-Seattle-RT1
10.253.8.70,SSH2,gsolorzano,NAP,Xterm,LP-Spokane-RT1
10.253.8.59,SSH2,gsolorzano,NAP,Xterm,LP-St-Louis-RT1
10.253.8.5,SSH2,gsolorzano,NAP,Xterm,LP-Stow-RT1
10.253.8.10,SSH2,gsolorzano,NAP,Xterm,LP-Tampa-RT1
10.253.8.101,SSH2,gsolorzano,NAP,Xterm,LP-Toronto-RT1
10.253.8.55,SSH2,gsolorzano,NAP,Xterm,LP-Transportation-RT1
10.253.8.22,SSH2,gsolorzano,NAP,Xterm,LP-Vancouver-RT1
10.253.8.30,SSH2,gsolorzano,NAP,Xterm,LP-Warwick-RT1
10.253.8.48,SSH2,gsolorzano,NAP,Xterm,LP-Winnipeg-RT1
10.253.8.164,SSH2,gsolorzano,NAP,Xterm,LP-Chicago2-RT1
10.253.8.114,SSH2,gsolorzano,NAP,Xterm,LVP-Bethlehem-RT1
10.253.8.119,SSH2,gsolorzano,NAP,Xterm,MP-Shelton-RT1
10.253.8.137,SSH2,gsolorzano,NAP,Xterm,PS-Apodaca-RT1
10.253.8.124,SSH2,gsolorzano,NAP,Xterm,PS-Austell-RT1
10.253.8.151,SSH2,gsolorzano,NAP,Xterm,PS-Brampton-RT1
10.253.8.127,SSH2,gsolorzano,NAP,Xterm,PS-Bridgeton-RT1
10.253.8.20,SSH2,gsolorzano,NAP,Xterm,PS-Brighton-RT1
10.253.8.109,SSH2,gsolorzano,NAP,Xterm,PS-BrokenArrow-RT1
10.253.8.98,SSH2,gsolorzano,NAP,Xterm,PS-BrooklynH-RT1
10.253.8.128,SSH2,gsolorzano,NAP,Xterm,PS-BrooklynPark-RT1
10.253.8.144,SSH2,gsolorzano,NAP,Xterm,PS-Calgary-RT1
10.253.8.82,SSH2,gsolorzano,NAP,Xterm,PS-Cedar-RT1
10.253.8.75,SSH2,gsolorzano,NAP,Xterm,PS-Celaya-RT1
10.253.8.120,SSH2,gsolorzano,NAP,Xterm,PS-Charlotte-RT1
10.253.8.156,SSH2,gsolorzano,NAP,Xterm,PS-CharlotteSC-RT1
10.253.8.136,SSH2,gsolorzano,NAP,Xterm,PS-Chihuahua-RT1
10.253.8.138,SSH2,gsolorzano,NAP,Xterm,PS-Columbia-RT1
10.253.8.73,SSH2,gsolorzano,NAP,Xterm,PS-Concepcion-RT1
10.253.8.126,SSH2,gsolorzano,NAP,Xterm,PS-Copell-RT1
10.253.8.125,SSH2,gsolorzano,NAP,Xterm,PS-Coquitlam-RT1
10.253.8.141,SSH2,gsolorzano,NAP,Xterm,PS-Dartmouth-RT1
10.253.8.84,SSH2,gsolorzano,NAP,Xterm,PS-Denver-RT1
10.253.8.38,SSH2,gsolorzano,NAP,Xterm,PS-Dorval-RT1
10.253.8.148,SSH2,gsolorzano,NAP,Xterm,PS-Edmonton-RT1
10.253.8.113,SSH2,gsolorzano,NAP,Xterm,PS-Elkhart-RT1
10.253.8.150,SSH2,gsolorzano,NAP,Xterm,PS-Freedom-RT1
10.253.8.149,SSH2,gsolorzano,NAP,Xterm,PS-Fresno-RT1
10.253.8.33,SSH2,gsolorzano,NAP,Xterm,PS-Hicksville-RT1
10.253.8.83,SSH2,gsolorzano,NAP,Xterm,PS-Indianapolis-RT1
10.253.8.162,SSH2,gsolorzano,NAP,Xterm,PS-Irapuato-RT1
10.253.8.131,SSH2,gsolorzano,NAP,Xterm,PS-Iztacalco-RT1
10.253.8.91,SSH2,gsolorzano,NAP,Xterm,PS-Jessup-RT1
10.253.8.80,SSH2,gsolorzano,NAP,Xterm,PS-Kalamazoo-RT1
10.253.8.81,SSH2,gsolorzano,NAP,Xterm,PS-Knoxville-RT1
10.253.8.31,SSH2,gsolorzano,NAP,Xterm,PS-Largo-RT1
10.253.8.112,SSH2,gsolorzano,NAP,Xterm,PS-LasVegas-RT1
10.253.8.132,SSH2,gsolorzano,NAP,Xterm,PS-London-RT1
10.253.8.99,SSH2,gsolorzano,NAP,Xterm,PS-MadisonHeights-RT1
10.253.8.85,SSH2,gsolorzano,NAP,Xterm,PS-Manchester-RT1
10.253.8.88,SSH2,gsolorzano,NAP,Xterm,PS-Maumee-RT1
10.253.8.111,SSH2,gsolorzano,NAP,Xterm,PS-Menomonee-RT1
10.253.8.105,SSH2,gsolorzano,NAP,Xterm,PS-MexicoCity-RT1
10.253.8.154,SSH2,gsolorzano,NAP,Xterm,PS-Miramar-RT1
10.253.8.110,SSH2,gsolorzano,NAP,Xterm,PS-Naperville-RT1
10.253.8.34,SSH2,gsolorzano,NAP,Xterm,PS-Naucalpan-RT1
10.253.8.35,SSH2,gsolorzano,NAP,Xterm,PS-NewOrleans-RT1
10.253.8.90,SSH2,gsolorzano,NAP,Xterm,PS-NorthCharleston-RT1
10.253.8.25,SSH2,gsolorzano,NAP,Xterm,PS-NorthKingstown-RT1
10.253.8.142,SSH2,gsolorzano,NAP,Xterm,PS-Orlando-RT1
10.253.8.37,SSH2,gsolorzano,NAP,Xterm,PS-Phoenix-RT1
10.253.8.57,SSH2,gsolorzano,NAP,Xterm,PS-Queretaro-RT1
10.253.8.123,SSH2,gsolorzano,NAP,Xterm,PS-Richmond-RT1
10.253.8.26,SSH2,gsolorzano,NAP,Xterm,PS-Riverside-RT1
10.253.8.140,SSH2,gsolorzano,NAP,Xterm,PS-Rochester-RT1
10.253.8.145,SSH2,gsolorzano,NAP,Xterm,PS-SaltLakeCity-RT1
10.253.8.152,SSH2,gsolorzano,NAP,Xterm,PS-SanDiego-RT1
10.253.8.157,SSH2,gsolorzano,NAP,Xterm,PS-SanFrancisco-RT1
10.253.8.47,SSH2,gsolorzano,NAP,Xterm,PS-SantaFe-RT1
10.253.8.134,SSH2,gsolorzano,NAP,Xterm,PS-Santiago-RT1
10.253.8.86,SSH2,gsolorzano,NAP,Xterm,PS-Seattle-RT1
10.253.8.87,SSH2,gsolorzano,NAP,Xterm,PS-Sharonville-RT1
10.253.8.130,SSH2,gsolorzano,NAP,Xterm,PS-Stafford-RT1
10.253.8.67,SSH2,gsolorzano,NAP,Xterm,PS-Syracuse-RT1
10.253.8.28,SSH2,gsolorzano,NAP,Xterm,PS-Trevose-RT1
10.253.8.161,SSH2,gsolorzano,NAP,Xterm,PS-Troje-RT1
10.253.8.143,SSH2,gsolorzano,NAP,Xterm,PS-Tyngsboro-RT1
10.253.8.79,SSH2,gsolorzano,NAP,Xterm,PS-Winchester-RT1
10.253.8.146,SSH2,gsolorzano,NAP,Xterm,PS-Winnipeg-RT1
10.253.8.135,SSH2,gsolorzano,NAP,Xterm,PS-Zapopan-RT1
10.253.8.60,SSH2,gsolorzano,NAP,Xterm,PP-Albuquerque-RT1
10.253.8.165,SSH2,gsolorzano,NAP,Xterm,PP-Chesapeake-RT1
10.253.8.58,SSH2,gsolorzano,NAP,Xterm,PP-CityofInd-RT1
10.253.8.50,SSH2,gsolorzano,NAP,Xterm,PP-Denver-RT1
10.253.8.104,SSH2,gsolorzano,NAP,Xterm,PP-Phoenix-RT1
10.253.8.107,SSH2,gsolorzano,NAP,Xterm,PP-Portland-RT1
10.253.8.116,SSH2,gsolorzano,NAP,Xterm,PP-San-Jose-RT1
10.253.8.103,SSH2,gsolorzano,NAP,Xterm,PP-Seattle-RT1
10.253.8.3,SSH2,gsolorzano,NAP,Xterm,PP-Dallas-RT1
10.253.8.62,SSH2,gsolorzano,NAP,Xterm,PP-Dayton-RT1
10.253.8.159,SSH2,gsolorzano,NAP,Xterm,PVC-Compton-RT1
10.253.8.21,SSH2,gsolorzano,NAP,Xterm,PS-Birmingham-RT1
10.253.8.29,SSH2,gsolorzano,NAP,Xterm,PS-Raleigh-RT1
10.253.8.32,SSH2,gsolorzano,NAP,Xterm,PS-RoundRock-RT1
10.253.8.147,SSH2,gsolorzano,NAP,Xterm,PS-TippCity-RT1
10.253.8.115,SSH2,gsolorzano,NAP,Xterm,PP-SanDiego-RT1
10.253.8.56,SSH2,gsolorzano,NAP,Xterm,USC-Memphis-RT1
10.253.8.133,SSH2,gsolorzano,NAP,Xterm,USC-Tukwila-RT1
192.168.211.10,SSH2,gsolorzano,NAP,Xterm,IP-BocaRaton-SW1
192.168.210.10,SSH2,gsolorzano,NAP,Xterm,IP-DallasSC-SW1
192.168.32.10,SSH2,gsolorzano,NAP,Xterm,LP-Stow-SW1
192.168.42.10,SSH2,gsolorzano,NAP,Xterm,LP-Atlanta-SW1
192.168.46.10,SSH2,gsolorzano,NAP,Xterm,LP-Austin-SW1
192.168.38.10,SSH2,gsolorzano,NAP,Xterm,LP-Baltimore-SW1
192.168.48.10,SSH2,gsolorzano,NAP,Xterm,LP-BatonRouge-SW1
192.168.13.10,SSH2,gsolorzano,NAP,Xterm,LP-Boston-SW1
192.168.198.9,SSH2,gsolorzano,NAP,Xterm,LP-CHICAGO-SW1
192.168.198.8,SSH2,gsolorzano,NAP,Xterm,LP-CHICAGO-SW2
192.168.198.10,SSH2,gsolorzano,NAP,Xterm,LP-CHICAGO-SW3
192.168.49.10,SSH2,gsolorzano,NAP,Xterm,LP-Columbus-SW1
192.168.23.10,SSH2,gsolorzano,NAP,Xterm,LP-Dallas-SW1
192.168.36.10,SSH2,gsolorzano,NAP,Xterm,LP-Dayton-SW1
192.168.145.10,SSH2,gsolorzano,NAP,Xterm,LP-Denver-SW1
192.168.31.10,SSH2,gsolorzano,NAP,Xterm,LP-Detroit-SW1
192.168.34.10,SSH2,gsolorzano,NAP,Xterm,LP-GrandRapids-SW1
192.168.9.10,SSH2,gsolorzano,NAP,Xterm,LP-Hartford-SW1
192.168.24.10,SSH2,gsolorzano,NAP,Xterm,LP-Houston-SW1
192.168.6.10,SSH2,gsolorzano,NAP,Xterm,LP-Indianapolis-SW1
192.168.7.10,SSH2,gsolorzano,NAP,Xterm,LP-KansasCity-SW1
192.168.30.10,SSH2,gsolorzano,NAP,Xterm,LP-LasVegas-SW1
192.168.29.10,SSH2,gsolorzano,NAP,Xterm,LP-LosAngeles-SW1
192.168.39.10,SSH2,gsolorzano,NAP,Xterm,LP-Louisville-SW1
192.168.37.10,SSH2,gsolorzano,NAP,Xterm,LP-Madison-SW1
192.168.43.10,SSH2,gsolorzano,NAP,Xterm,LP-Miami-SW1
192.168.35.10,SSH2,gsolorzano,NAP,Xterm,LP-Minneapolis-SW1
192.168.100.10,SSH2,gsolorzano,NAP,Xterm,LP-NewYork-SW1
192.168.51.10,SSH2,gsolorzano,NAP,Xterm,LP-Orlando-SW1
192.168.5.10,SSH2,gsolorzano,NAP,Xterm,LP-Philadelphia-SW1
192.168.22.10,SSH2,gsolorzano,NAP,Xterm,LP-Phoenix-SW1
192.168.52.10,SSH2,gsolorzano,NAP,Xterm,LP-Pittsburgh-SW1
192.168.17.10,SSH2,gsolorzano,NAP,Xterm,LP-PPland-SW1
192.168.4.10,SSH2,gsolorzano,NAP,Xterm,LP-Rochester-SW1
192.168.21.10,SSH2,gsolorzano,NAP,Xterm,LP-SaltLakeCity-SW1
192.168.47.10,SSH2,gsolorzano,NAP,Xterm,LP-SanAntonio-SW1
192.168.16.10,SSH2,gsolorzano,NAP,Xterm,LP-Seattle-SW1
192.168.18.10,SSH2,gsolorzano,NAP,Xterm,MP-Shelton-SW1
192.168.19.10,SSH2,gsolorzano,NAP,Xterm,LP-Spokane-SW1
192.168.50.10,SSH2,gsolorzano,NAP,Xterm,LP-St-Louis-SW1
192.168.44.10,SSH2,gsolorzano,NAP,Xterm,LP-Tampa-SW1
192.168.90.10,SSH2,gsolorzano,NAP,Xterm,LP-TransPPation-SW1
192.168.108.10,SSH2,gsolorzano,NAP,Xterm,LP-Warwick-SW1
192.168.62.10,SSH2,gsolorzano,NAP,Xterm,LP-Calgary-SW1
192.168.56.10,SSH2,gsolorzano,NAP,Xterm,LP-Moncton-SW1
192.168.58.10,SSH2,gsolorzano,NAP,Xterm,LP-Montreal-SW1
192.168.60.10,SSH2,gsolorzano,NAP,Xterm,LP-Ottawa-SW1
192.168.57.10,SSH2,gsolorzano,NAP,Xterm,LP-QuebecCity-SW1
192.168.59.9,SSH2,gsolorzano,NAP,Xterm,LP-Toronto-SW1
192.168.63.10,SSH2,gsolorzano,NAP,Xterm,LP-Vancouver-SW1
192.168.63.9,SSH2,gsolorzano,NAP,Xterm,LP-Vancouver-SW2
192.168.63.8,SSH2,gsolorzano,NAP,Xterm,LP-Vancouver-SW3
192.168.63.7,SSH2,gsolorzano,NAP,Xterm,LP-Vancouver-SW4
192.168.63.6,SSH2,gsolorzano,NAP,Xterm,LP-Vancouver-SW5
192.168.63.5,SSH2,gsolorzano,NAP,Xterm,LP-Vancouver-SW6
192.168.61.10,SSH2,gsolorzano,NAP,Xterm,LP-WinnLPeg-SW1
192.168.27.10,SSH2,gsolorzano,NAP,Xterm,PPS-Dayton-SW1
192.168.184.10,SSH2,gsolorzano,NAP,Xterm,PP-Albuquerque-SW1
192.168.180.10,SSH2,gsolorzano,NAP,Xterm,PP-Chesapeake-SW1
192.168.189.10,SSH2,gsolorzano,NAP,Xterm,PP-Dallas-SW1
192.168.187.10,SSH2,gsolorzano,NAP,Xterm,PP-Denver-SW1
192.168.188.10,SSH2,gsolorzano,NAP,Xterm,PP-LosAngeles-SW1
192.168.186.10,SSH2,gsolorzano,NAP,Xterm,PP-Phoenix-SW1
192.168.182.10,SSH2,gsolorzano,NAP,Xterm,PP-PPland-SW1
192.168.181.10,SSH2,gsolorzano,NAP,Xterm,PP-SanDiego-SW1
192.168.185.10,SSH2,gsolorzano,NAP,Xterm,PP-SanJose-SW1
192.168.183.10,SSH2,gsolorzano,NAP,Xterm,PP-Seattle-SW1
172.16.2.10,SSH2,gsolorzano,NAP,Xterm,CP-Atlanta-SW1
192.168.41.10,SSH2,gsolorzano,NAP,Xterm,CP-Charlotte-SW1
172.16.10.10,SSH2,gsolorzano,NAP,Xterm,CP-LosAngeles-SW1
172.16.12.10,SSH2,gsolorzano,NAP,Xterm,CP-Minnesota-SW1
172.16.7.10,SSH2,gsolorzano,NAP,Xterm,CP-PPland-SW1
172.16.6.10,SSH2,gsolorzano,NAP,Xterm,CP-Seattle-SW1
192.168.190.10,SSH2,gsolorzano,NAP,Xterm,CP-Tucson-SW1
192.168.130.10,SSH2,gsolorzano,NAP,Xterm,FP-Clearwater-SW1
192.168.133.10,SSH2,gsolorzano,NAP,Xterm,FP-FtLauderdale-SW1
192.168.131.10,SSH2,gsolorzano,NAP,Xterm,FP-Jacksonville-SW1
192.168.135.10,SSH2,gsolorzano,NAP,Xterm,FP-Memphis-SW1
192.168.134.10,SSH2,gsolorzano,NAP,Xterm,FP-Montgomery-SW1
192.168.132.10,SSH2,gsolorzano,NAP,Xterm,FP-Orlando-SW1
192.168.26.10,SSH2,gsolorzano,NAP,Xterm,USC-Tukwila-SW1
192.168.26.9,SSH2,gsolorzano,NAP,Xterm,USC-Tukwila-SW2
192.168.91.10,SSH2,gsolorzano,NAP,Xterm,USC-Memphis-SW1
192.168.161.10,SSH2,gsolorzano,NAP,Xterm,EMP-Calgary-SW1
192.164.164.10,SSH2,gsolorzano,NAP,Xterm,EMP-Dartmouth-SW1
192.168.165.10,SSH2,gsolorzano,NAP,Xterm,EMP-Edmonton-SW1
192.168.169.10,SSH2,gsolorzano,NAP,Xterm,EMP-London-SW1
192.168.163.10,SSH2,gsolorzano,NAP,Xterm,EMP-Montreal-SW1
192.168.167.10,SSH2,gsolorzano,NAP,Xterm,EMP-StJohn-SW1
10.5.69.10,SSH2,gsolorzano,NAP,Xterm,EMP-Toronto-SW1
192.168.166.10,SSH2,gsolorzano,NAP,Xterm,EMP-Vancouver-SW1
192.168.162.10,SSH2,gsolorzano,NAP,Xterm,EMP-WinnLPeg-SW1
192.168.1.253,SSH2,gsolorzano,NAP,Xterm,HS-Hingham-SW1
192.168.194.8,SSH2,gsolorzano,NAP,Xterm,PVC-Compton-SW3
192.168.194.9,SSH2,gsolorzano,NAP,Xterm,PVC-Compton-SW2
192.168.194.10,SSH2,gsolorzano,NAP,Xterm,PVC-Compton-SW1
192.168.200.10,SSH2,gsolorzano,NAP,Xterm,LVP-Bethlehem-SW1
192.168.200.9,SSH2,gsolorzano,NAP,Xterm,LVP-Bethlehem-SW2
192.168.200.8,SSH2,gsolorzano,NAP,Xterm,LVP-Bethlehem-SW3
192.168.192.10,SSH2,gsolorzano,NAP,Xterm,EP-SanDiego-SW1
192.168.193.9,SSH2,gsolorzano,NAP,Xterm,EP-CoPPSell-SW2
192.168.193.10,SSH2,gsolorzano,NAP,Xterm,EP-CoPPSell-SW1
172.26.32.10,SSH2,gsolorzano,NAP,Xterm,PS-Austell-SW1
172.26.14.10,SSH2,gsolorzano,NAP,Xterm,PS-Birmingham-SW1
172.26.88.10,SSH2,gsolorzano,NAP,Xterm,PS-Bridgeton-SW1
172.26.40.10,SSH2,gsolorzano,NAP,Xterm,PS-Brighton-SW1
172.26.82.10,SSH2,gsolorzano,NAP,Xterm,PS-BrooklynPark-SW1
172.26.100.10,SSH2,gsolorzano,NAP,Xterm,PS-CedarRapids-SW1
172.26.60.10,SSH2,gsolorzano,NAP,Xterm,PS-Charlotte-SW1
172.26.34.10,SSH2,gsolorzano,NAP,Xterm,PS-Cleveland-SW1
172.26.94.10,SSH2,gsolorzano,NAP,Xterm,PS-Columbia-SW1
172.26.76.10,SSH2,gsolorzano,NAP,Xterm,PS-CoPPSell-SW1
172.26.76.9,SSH2,gsolorzano,NAP,Xterm,PS-CoPPSell-SW2
172.26.52.10,SSH2,gsolorzano,NAP,Xterm,PS-Denver-SW1
172.26.58.10,SSH2,gsolorzano,NAP,Xterm,PS-MadisonHeights-SW1
172.26.58.9,SSH2,gsolorzano,NAP,Xterm,PS-MadisonHeights-SW2
172.26.64.10,SSH2,gsolorzano,NAP,Xterm,PS-Elkhart-SW1
172.26.96.10,SSH2,gsolorzano,NAP,Xterm,PS-Freedom-SW1
172.26.66.10,SSH2,gsolorzano,NAP,Xterm,PS-Fresno-SW1
172.26.66.9,SSH2,gsolorzano,NAP,Xterm,PS-Fresno-SW2
172.26.18.10,SSH2,gsolorzano,NAP,Xterm,PS-Hicksville-SW1
172.26.56.10,SSH2,gsolorzano,NAP,Xterm,PS-Indianapolis-SW1
172.26.46.10,SSH2,gsolorzano,NAP,Xterm,PS-Jessup-SW1
172.26.42.10,SSH2,gsolorzano,NAP,Xterm,PS-Kalamazoo-SW1
172.26.4.10,SSH2,gsolorzano,NAP,Xterm,PS-NorthKingston-SW1
172.26.86.10,SSH2,gsolorzano,NAP,Xterm,PS-Knoxville-SW1
172.26.86.9,SSH2,gsolorzano,NAP,Xterm,PS-Knoxville-SW2
172.26.2.10,SSH2,gsolorzano,NAP,Xterm,PS-Largo-SW1
172.26.72.10,SSH2,gsolorzano,NAP,Xterm,PS-LasVegas-SW1
172.26.102.10,SSH2,gsolorzano,NAP,Xterm,IP-CharlotteSC-SW1
172.26.102.9,SSH2,gsolorzano,NAP,Xterm,IP-CharlotteSC-SW2
172.26.102.8,SSH2,gsolorzano,NAP,Xterm,IP-CharlotteSC-SW3
172.26.102.7,SSH2,gsolorzano,NAP,Xterm,IP-CharlotteSC-SW4
172.26.50.10,SSH2,gsolorzano,NAP,Xterm,PS-Manchester-SW1
172.26.44.10,SSH2,gsolorzano,NAP,Xterm,PS-Maumee-SW1
172.26.68.10,SSH2,gsolorzano,NAP,Xterm,PS-Menomonee-SW1
172.26.70.10,SSH2,gsolorzano,NAP,Xterm,PS-Miramar-SW1
172.26.74.10,SSH2,gsolorzano,NAP,Xterm,PS-Naperville-SW1
172.26.74.9,SSH2,gsolorzano,NAP,Xterm,PS-Naperville-SW2
172.26.74.8,SSH2,gsolorzano,NAP,Xterm,PS-Naperville-SW3
172.26.22.10,SSH2,gsolorzano,NAP,Xterm,PS-NewOrleans-SW1
172.26.98.10,SSH2,gsolorzano,NAP,Xterm,PS-NorthCharleston-SW1
172.26.12.10,SSH2,gsolorzano,NAP,Xterm,PS-Orlando-SW1
172.26.26.10,SSH2,gsolorzano,NAP,Xterm,PS-Phoenix-SW1
172.26.6.10,SSH2,gsolorzano,NAP,Xterm,PS-Raleigh-SW1
172.26.48.10,SSH2,gsolorzano,NAP,Xterm,PS-Richmond-SW1
172.26.10.10,SSH2,gsolorzano,NAP,Xterm,PS-Riverside-SW1
172.26.16.10,SSH2,gsolorzano,NAP,Xterm,PS-Rochester-SW1
172.26.20.10,SSH2,gsolorzano,NAP,Xterm,PS-Austin-SW1
172.26.84.10,SSH2,gsolorzano,NAP,Xterm,PS-SaltLakeCity-SW1
172.26.90.10,SSH2,gsolorzano,NAP,Xterm,PS-SanDiego-SW1
172.26.78.10,SSH2,gsolorzano,NAP,Xterm,PS-SantaFe-SW1
172.26.78.9,SSH2,gsolorzano,NAP,Xterm,PS-SantaFe-SW2
172.26.80.10,SSH2,gsolorzano,NAP,Xterm,PS-Seattle-SW1
172.26.8.10,SSH2,gsolorzano,NAP,Xterm,PS-Sharonville-SW1
172.26.92.10,SSH2,gsolorzano,NAP,Xterm,PS-Stafford-SW1
172.26.28.10,SSH2,gsolorzano,NAP,Xterm,PS-Syracuse-SW1
172.26.24.10,SSH2,gsolorzano,NAP,Xterm,PS-TLPPSCity-SW1
172.26.62.10,SSH2,gsolorzano,NAP,Xterm,PS-BrokenArrow-SW1
172.26.36.10,SSH2,gsolorzano,NAP,Xterm,PS-Trevose-SW1
172.26.54.10,SSH2,gsolorzano,NAP,Xterm,PS-Tyngsboro-SW1
172.26.54.9,SSH2,gsolorzano,NAP,Xterm,PS-Tyngsboro-SW2
172.26.38.10,SSH2,gsolorzano,NAP,Xterm,PS-Winchester-SW1
172.26.150.10,SSH2,gsolorzano,NAP,Xterm,PS-Brampton-SW1
172.26.150.8,SSH2,gsolorzano,NAP,Xterm,PS-Brampton-SW2
172.26.160.10,SSH2,gsolorzano,NAP,Xterm,PS-Calgary-SW1
172.26.156.10,SSH2,gsolorzano,NAP,Xterm,PS-Coquitlam-SW1
172.26.162.10,SSH2,gsolorzano,NAP,Xterm,PS-Dartmouth-SW1
172.26.158.10,SSH2,gsolorzano,NAP,Xterm,PS-Dorval-SW1
172.26.152.10,SSH2,gsolorzano,NAP,Xterm,PS-Edmonton-SW1
172.26.154.10,SSH2,gsolorzano,NAP,Xterm,PS-London-SW1
172.26.164.10,SSH2,gsolorzano,NAP,Xterm,PS-WinnLPeg-SW1
172.26.186.10,SSH2,gsolorzano,NAP,Xterm,PS-Apodaca-SW1
172.26.190.10,SSH2,gsolorzano,NAP,Xterm,PS-Chihuahua-SW1
172.26.188.10,SSH2,gsolorzano,NAP,Xterm,PS-Iztacalco-SW1
172.26.184.10,SSH2,gsolorzano,NAP,Xterm,PS-MexicoCity-SW1
172.26.180.10,SSH2,gsolorzano,NAP,Xterm,PS-Naucalpan-SW1
172.26.180.9,SSH2,gsolorzano,NAP,Xterm,PS-Naucalpan-SW2
172.26.182.10,SSH2,gsolorzano,NAP,Xterm,PS-Zapopan-SW1
172.26.170.10,SSH2,gsolorzano,NAP,Xterm,PS-Santiago-SW1
172.26.170.9,SSH2,gsolorzano,NAP,Xterm,PS-Santiago-SW2
172.26.170.8,SSH2,gsolorzano,NAP,Xterm,PS-Santiago-SW3
172.26.172.10,SSH2,gsolorzano,NAP,Xterm,PS-Concepcion-SW1
172.26.192.10,SSH2,gsolorzano,NAP,Xterm,PS-SanFrancisco-SW1
172.26.194.10,SSH2,gsolorzano,NAP,Xterm,PS-Irapuato-SW1
172.26.196.10,SSH2,gsolorzano,NAP,Xterm,PS-Celaya-SW1
172.26.198.10,SSH2,gsolorzano,NAP,Xterm,PS-Queretaro-SW1
172.26.200.10,SSH2,gsolorzano,NAP,Xterm,PS-Troje-SW1